"role_id","role_title","sector","proposed_soc_code","matched_ashe_description","confidence","reason"
"8b40301a-6a7d-40c4-8d6c-0a80767f73dc","Agricultural Data Analyst","Agriculture & Environment","3544","Data analysts","medium","Semantic match: data analysis applied to agriculture; shares SOC with other analyst roles across sectors"
"3b8f49bf-8cc8-49e9-9ec9-0d2bb97a6dd5","Agricultural Technician","Agriculture & Environment","3119","Science, engineering and production technicians n.e.c.","medium","Semantic match: precision agriculture equipment and sensors is a technician role not elsewhere classified"
"6c2842c1-bc82-4a8d-b16b-1f3b8f0abc9d","Carbon Footprint / Sustainability Officer","Agriculture & Environment","2152","Environment professionals","medium","Semantic match: sustainability metrics and environmental scheme work maps to environment professionals"
"bba8a4f1-49a8-4955-889d-87ab1a53df68","Drone Operator / Pilot","Agriculture & Environment","3417","Photographers, audio-visual and broadcasting equipment operators","low","Closest SOC: no specific drone operator code in SOC 2020; equipment operators is nearest available"
"4a4b4ef7-175b-4e21-96ef-41ea7a8d00f9","Ecologist","Agriculture & Environment","2112","Biological scientists","medium","Semantic match: ecology is a branch of biological science; fieldwork and species identification core"
"012bf8eb-9ad3-447f-a2ed-fa80410a8144","Environmental Consultant","Agriculture & Environment","2152","Environment professionals","high","Near-exact match: environmental consulting is a core environment professional role"
"9dc2aa41-a166-48b4-a320-5017ce56e0a9","Environmental Data Scientist","Agriculture & Environment","2119","Natural and social science professionals n.e.c.","medium","Semantic match: applies data science to environmental domain; n.e.c. covers interdisciplinary science roles"
"74439d0b-f149-416f-a468-7b5f0ae75e93","Farm Worker","Agriculture & Environment","9111","Farm workers","high","Exact title match"
"8b633fed-abf8-4e1e-b626-9a899b70fa53","Forestry Worker","Agriculture & Environment","9112","Forestry and related workers","high","Near-exact title match"
"c603fa51-acf7-48ff-b238-0f8a3b773047","Landscape Manager","Agriculture & Environment","1211","Managers and proprietors in agriculture and horticulture","medium","Semantic match: landscape management falls under horticulture management and proprietorship"
"312251af-9352-4387-8735-f3ee4e4056d2","Peatland Restoration Specialist","Agriculture & Environment","2151","Conservation professionals","medium","Semantic match: peatland restoration is conservation work; maps to conservation professionals"
"85e18b40-d479-4c72-bc8f-9563f51c8525","Precision Agriculture Technologist","Agriculture & Environment","3119","Science, engineering and production technicians n.e.c.","medium","Semantic match: GPS/drone/sensor tech in agriculture; shares SOC with Agricultural Technician"
"971cf3d5-897a-4f0f-b3f0-a57f727dc9a2","Accountant (Qualified)","Business & Finance","2421","Chartered and certified accountants","high","Near-exact match: qualified accountant maps directly to chartered/certified accountants"
"a3d291d3-b81a-4a4a-a85e-bbc82d58b307","Actuary","Business & Finance","2433","Actuaries, economists and statisticians","high","Near-exact match: SOC description explicitly includes actuaries"
"bdbf0553-f38e-442e-99d6-976fd45eae4a","AI-Savvy Financial Analyst","Business & Finance","2422","Finance and investment analysts and advisers","medium","Semantic match: fundamentally a financial analyst role enhanced with AI tools; shares SOC with Financial Adviser"
"22bcd24e-2e89-4ee1-b399-0d7e32b58c0a","Bank Clerk / Cashier","Business & Finance","4123","Bank and post office clerks","high","Near-exact match: bank clerk directly matches SOC description"
"fe89b76d-485e-48cc-b39c-eedf04d5b53b","Bookkeeper / Payroll Clerk","Business & Finance","4122","Book-keepers, payroll managers and wages clerks","high","Near-exact match: both bookkeeper and payroll explicitly in SOC description"
"e4da1ee0-150e-4d6f-a240-47f6d5df4642","Data Governance Manager (Finance)","Business & Finance","2132","IT managers","medium","Semantic match: data governance oversight is an IT management function within finance"
"123cefb1-e7bb-4976-bd9a-a067bbf687ed","Financial Adviser","Business & Finance","2422","Finance and investment analysts and advisers","high","Near-exact match: SOC description explicitly includes advisers; shares SOC with AI-Savvy Financial Analyst"
"dea139d4-1971-46de-ad8f-ed9953f09dd0","Financial AI Compliance Specialist","Business & Finance","2482","Quality assurance and regulatory professionals","medium","Semantic match: AI compliance in finance is a regulatory/assurance function"
"07dae8b6-135f-49b9-ac6b-555a0f6105ca","FinTech Product Manager","Business & Finance","2131","IT project managers","medium","Semantic match: product management closest to IT project management in SOC 2020; shares SOC with other PM roles"
"2143d3e6-d9b6-4fc3-856f-053cabeb98c0","Forensic AI Auditor","Business & Finance","2421","Chartered and certified accountants","medium","Semantic match: auditing AI systems combines accounting and data science; shares SOC with Accountant"
"ed847716-3319-4e2c-9e65-21730dba64e6","Insurance Underwriter","Business & Finance","3532","Insurance underwriters","high","Exact title match"
"f10b9ef7-25fa-43c1-8856-a1e561414f3c","AI / ML Engineer","Computing & Digital Technology","2134","Programmers and software development professionals","high","Near-exact match: ML engineering is software development; designing and deploying AI models"
"fdb3f491-eea7-40a7-940b-51f3d31dc630","AI Ethics Officer","Computing & Digital Technology","2139","Information technology professionals n.e.c.","low","Closest SOC: novel role advising on responsible AI use; no specific SOC code exists"
"40596b52-34b2-46d3-b7b1-2392ddd0d332","AI Operations Engineer","Computing & Digital Technology","2134","Programmers and software development professionals","medium","Semantic match: MLOps/AI ops is a software engineering discipline; shares SOC with other dev roles"
"73d91733-bd76-481a-b5aa-896d67a5f8da","AI Product Manager","Computing & Digital Technology","2131","IT project managers","medium","Semantic match: product management closest to IT project management in SOC 2020; shares SOC with other PM roles"
"8c8f11e0-4c79-43fb-9db6-2fa9a1233104","AI Safety Researcher","Computing & Digital Technology","2162","Other researchers, unspecified discipline","medium","Semantic match: research role focused on AI safety and alignment; shares SOC with other research roles"
"abf51422-7453-4f62-822e-6c07c0ef5bdf","AI Solutions Engineer","Computing & Digital Technology","2134","Programmers and software development professionals","medium","Semantic match: client-facing engineering implementing AI tools is software development; shares SOC with other dev roles"
"b2fc4471-54c4-4a83-9414-2f8274c67e5d","Cybersecurity Analyst","Computing & Digital Technology","2135","Cyber security professionals","high","Near-exact match: cybersecurity analyst is a core cyber security professional role"
"6340712e-e374-401a-85a1-7dec813f1e8f","Data Analyst","Computing & Digital Technology","3544","Data analysts","high","Exact title match"
"afce4eca-6cda-4c57-afb8-756800e9228a","Data Engineer","Computing & Digital Technology","2134","Programmers and software development professionals","medium","Semantic match: building data pipelines is software engineering; shares SOC with other dev roles"
"4a0b553e-c411-421e-a521-14af7e1f3e8b","IT Support Technician","Computing & Digital Technology","3132","IT user support technicians","high","Near-exact match: IT support maps directly to IT user support technicians"
"0aac8ad5-cee1-403b-a097-9d10dad2cbcc","Junior Software Developer","Computing & Digital Technology","2134","Programmers and software development professionals","high","Near-exact match: software developer directly within SOC description; shares SOC with Senior Developer"
"a65b30dd-a8cc-434e-a805-e37962e488c0","Prompt Engineer","Computing & Digital Technology","2139","Information technology professionals n.e.c.","low","Closest SOC: novel role (post-2022) with no specific SOC code; IT professionals n.e.c. is nearest"
"70533e10-9f52-4195-b480-99123273c071","Senior Software Developer","Computing & Digital Technology","2134","Programmers and software development professionals","high","Near-exact match: software developer directly within SOC description; shares SOC with Junior Developer"
"8453ce56-63a5-4f29-ab99-9e41a0d5d4cb","BIM / Digital Twin Manager","Construction & Trades","2455","Construction project managers and related professionals","medium","Semantic match: BIM management is a construction project management specialism"
"d9022355-d8da-47c5-b252-fe0f924f72e3","Bricklayer","Construction & Trades","5313","Bricklayers","high","Exact title match"
"e397ed77-f236-4b07-be0e-54261fa46b52","Construction Technology Specialist","Construction & Trades","3114","Building and civil engineering technicians","medium","Semantic match: implementing BIM/drones/AI on construction projects is a building technician role"
"9e015239-5492-44c7-98f4-94c809bcabee","Drone Survey Operator","Construction & Trades","3114","Building and civil engineering technicians","low","Closest SOC: drone site surveying is a novel specialism within construction technician work"
"d89a6072-656f-4957-b59c-b872b917e657","Electrician","Construction & Trades","5241","Electricians and electrical fitters","high","Near-exact match: SOC description explicitly includes electricians"
"1cc2e57f-8ad0-4be5-81e6-7da084ac1a9b","Joiner / Carpenter","Construction & Trades","5316","Carpenters and joiners","high","Near-exact match: both terms in SOC description (reversed word order)"
"ee5efbee-25af-4e68-b1f7-39a19d9b901a","Plumber","Construction & Trades","5315","Plumbers & heating and ventilating installers and repairers","high","Near-exact match: SOC description explicitly includes plumbers"
"b5f6748d-3461-4c8c-9f6d-e60fc8a4993e","Quantity Surveyor","Construction & Trades","2453","Quantity surveyors","high","Exact title match"
"c4f412c6-c9eb-4da6-82d2-911867c74116","Site Manager","Construction & Trades","1122","Production managers and directors in construction","medium","Semantic match: site manager is a construction management role; leadership and decision-making"
"a1eb21e1-8515-49a3-8f7f-c93076f83025","Smart Building Technician","Construction & Trades","3112","Electrical and electronics technicians","medium","Semantic match: smart-building systems (HVAC/lighting/energy) are electrical/electronic installations"
"3877f5af-6c49-41a7-a58a-71927351dfd0","Sustainability / Energy Modelling Analyst","Construction & Trades","2129","Engineering professionals n.e.c.","medium","Semantic match: building energy and carbon modelling is an engineering discipline not elsewhere classified"
"7874798f-f9a6-4dc1-9da7-cb12c7c55878","AI Content Strategist","Creative Arts & Design","3554","Marketing associate professionals","medium","Semantic match: content strategy across channels is a marketing function"
"88bd88c6-771d-40da-9d16-c16ccf6db13e","AI Creative Director","Creative Arts & Design","2494","Advertising accounts managers and creative directors","high","Near-exact match: SOC description explicitly includes creative directors"
"c1b4a2b2-fe5c-4676-b111-4293c271e74b","AI Ethics and Copyright Specialist","Creative Arts & Design","2419","Legal professionals n.e.c.","medium","Semantic match: copyright and attribution work is a legal specialism"
"e7b53862-1aef-4bb0-8c80-aab853e08ce8","CreaTech Specialist","Creative Arts & Design","2139","Information technology professionals n.e.c.","low","Closest SOC: novel bridging role between creative and technology; IT professionals n.e.c. is nearest"
"30c66607-7c36-46c2-81f2-b6eb6a9179ac","Graphic Designer","Creative Arts & Design","2142","Graphic and multimedia designers","high","Near-exact match: graphic designer directly within SOC description"
"d3172dd3-f51b-4d15-91fb-afedf99280c3","Journalist / Content Writer","Creative Arts & Design","2492","Newspaper and periodical journalists and reporters","medium","Semantic match: journalism component maps well; content writing also fits 3412 (Authors/writers)"
"988182e2-2968-4a79-abf3-6544d2b88358","Marketing Content Creator","Creative Arts & Design","3554","Marketing associate professionals","medium","Semantic match: content creation for marketing is a marketing associate function"
"4a5c2390-70ed-442a-b46c-9f8803845e8e","Photographer","Creative Arts & Design","3417","Photographers, audio-visual and broadcasting equipment operators","high","Near-exact match: SOC description explicitly includes photographers"
"2c1db102-ae8c-46c6-8664-efe2c19f7a14","Prompt Artist / Designer","Creative Arts & Design","2142","Graphic and multimedia designers","low","Closest SOC: novel AI-visual design role (post-2022); graphic/multimedia designers is nearest"
"48b1f1a7-9ae8-4ba3-8138-e76bb5b28515","UX Designer","Creative Arts & Design","2141","Web design professionals","medium","Semantic match: UX design closely overlaps with web design professionals"
"a30e605a-07bc-42b9-a860-57db6fa711f0","Video Editor","Creative Arts & Design","3417","Photographers, audio-visual and broadcasting equipment operators","medium","Semantic match: video editing is audio-visual work; shares SOC with Photographer and Broadcast Technician"
"4ba0a89f-99c4-4488-992e-07d2fa3a3217","AI Literacy Curriculum Developer","Education & Teaching","2319","Teaching professionals n.e.c.","medium","Semantic match: curriculum development is a teaching professional function not elsewhere classified"
"ee5b1c41-94eb-4f0f-b5d9-d3cb2f08a0c5","Digital Learning Designer","Education & Teaching","2319","Teaching professionals n.e.c.","medium","Semantic match: designing digital learning experiences blends pedagogy with technology"
"5ae85890-2a28-488c-a0b9-d1dfb39dbdb9","Educational Psychologist","Education & Teaching","2226","Other psychologists","medium","Semantic match: educational psychologist is a distinct specialism within the broader psychology field"
"1c4e0c82-3551-46d2-955f-bac192a775b3","Learning Technologist","Education & Teaching","2319","Teaching professionals n.e.c.","medium","Semantic match: evaluating and implementing AI tools in schools is a teaching technology role"
"ab4a99fd-4fef-4dcd-8bc9-7e9d7d9fbf0f","Nursery Practitioner / Childcare Worker","Education & Teaching","3232","Early education and childcare practitioners","high","Near-exact match: nursery practitioner maps directly to early education and childcare practitioners"
"6d1a648c-d256-45e0-8657-faea1f2f7eff","Online / AI-Assisted Tutoring Coordinator","Education & Teaching","2319","Teaching professionals n.e.c.","low","Closest SOC: novel coordinating role for AI tutoring programmes; teaching professionals n.e.c. is nearest"
"b3c4d46b-ea4f-40d0-b709-761731f70dc5","Teacher (Primary/Secondary)","Education & Teaching","2314","Primary education teaching professionals","medium","Combined role: average of 2313 (secondary) and 2314 (primary) salary figures. salary_needs_verification=true. Note: Primary/Secondary combined role — consider splitting into separate roles in future session."
"4e5939dd-1f69-4885-bd46-0392aee97b22","Teaching Assistant","Education & Teaching","6112","Teaching assistants","high","Exact title match"
"8cbe6ea2-f187-40a9-ac0e-9fa8058e66b1","AI Quality Systems Analyst","Engineering & Manufacturing","2481","Quality control and planning engineers","medium","Semantic match: AI-driven quality control systems is a quality engineering function"
"3961010f-e446-4c4f-9892-c4c9d4041a3f","CNC Operator / Programmer","Engineering & Manufacturing","5221","Metal machining setters and setter-operators","medium","Semantic match: CNC operation/programming is the modern form of metal machining setting"
"98ca56e8-f682-46a8-aaea-64f0d93383a9","Digital Manufacturing Engineer","Engineering & Manufacturing","2125","Production and process engineers","medium","Semantic match: smart factory design integrating AI/IoT/robotics is production and process engineering"
"f844bcc4-1dc6-401e-bfc2-a4ae4ad92c6f","Electrical Engineer","Engineering & Manufacturing","2123","Electrical engineers","high","Exact title match"
"f7fb8ac5-7c63-4e98-94e3-adf79b637bec","Maintenance Engineer","Engineering & Manufacturing","5223","Metal working production and maintenance fitters","medium","Semantic match: physical repair and in-situ diagnosis maps to maintenance fitters; title differs"
"5af9e938-436e-4d17-bcb2-7f83a781f948","Manufacturing Technician","Engineering & Manufacturing","3119","Science, engineering and production technicians n.e.c.","medium","Semantic match: manufacturing technician is a production technician; shares SOC with Ag Technician"
"ee08591c-bf52-439c-a1b7-73e017087979","Mechanical Engineer","Engineering & Manufacturing","2122","Mechanical engineers","high","Exact title match"
"c2948f32-77e7-410a-9bc8-26e9c6169c3b","Predictive Maintenance Analyst","Engineering & Manufacturing","2481","Quality control and planning engineers","medium","Semantic match: predicting equipment failure is a planning/quality engineering function"
"5abc98ec-88ab-4245-a8a0-d9da3061e00d","Quality Control Inspector","Engineering & Manufacturing","3115","Quality assurance technicians","medium","Semantic match: quality inspection maps to QA technicians; role shifting to overseeing automated systems"
"ddec8e5c-8bca-4dff-be62-185b6404cac7","Robotics Technician","Engineering & Manufacturing","3113","Engineering technicians","medium","Semantic match: robotics installation and maintenance is an engineering technician role"
"7b7296eb-71fa-4702-b6ee-c3e8ef2917e7","Smart Factory Coordinator","Engineering & Manufacturing","3116","Planning, process and production technicians","medium","Semantic match: coordinating digital/physical factory workflows is a production planning/process role"
"3477d18e-8a20-41bd-b3b8-2cac513abf8b","AI Healthcare Data Analyst","Healthcare & Medicine","3544","Data analysts","medium","Semantic match: data analysis applied to healthcare; shares SOC with other analyst roles"
"f7ab0688-176e-4d4a-8216-540813e42b87","Chief Nursing Information Officer (CNIO)","Healthcare & Medicine","1171","Health services and public health managers and directors","medium","Semantic match: senior nursing leader directing AI/digital integration is health services management"
"5a23c452-71df-4f4d-a75c-7e6abb3dd023","Clinical AI Safety Specialist","Healthcare & Medicine","2482","Quality assurance and regulatory professionals","medium","Semantic match: ensuring AI tools are safe and clinically validated is a regulatory/assurance function"
"61507572-ce66-4a80-96f5-c27b8d7140c6","Clinical Informatician","Healthcare & Medicine","2139","Information technology professionals n.e.c.","medium","Semantic match: translating clinical practice into digital systems is an IT professional role"
"839c1cd3-2c99-43ae-9e48-7f3af7c6aa4f","Digital Medicines Specialist","Healthcare & Medicine","2251","Pharmacists","medium","Semantic match: pharmacy professional overseeing AI-enabled prescribing; specialist pharmacy role"
"47764fc6-985e-4c02-8f61-877aaab678b9","Doctor / GP","Healthcare & Medicine","2211","Generalist medical practitioners","high","Near-exact match: GP is a generalist medical practitioner"
"e6da5b33-b2fc-4d1f-b97e-dd2b46980f5c","Health Data Scientist","Healthcare & Medicine","2119","Natural and social science professionals n.e.c.","medium","Semantic match: health data science is an interdisciplinary science professional role"
"f1a01f52-a69f-4623-b05e-ca723cf703ae","Healthcare Assistant / Care Worker","Healthcare & Medicine","6135","Care workers and home carers","high","Near-exact match: care worker directly in SOC description"
"3871eba8-df22-4bf8-8d20-d3047b94d596","Nurse","Healthcare & Medicine","2237","Other nursing professionals","medium","SOC 2020 disaggregated nursing into 2231-2237. 2237 used as catch-all for generic Nurse role. salary_needs_verification=true. Consider splitting into Adult Nurse, Mental Health Nurse (2235), Children's Nurse (2236), Midwife (2231) in a future session. NHS Scotland Band 5 entry salary may be a better pilot display figure than ASHE 2237 median."
"21ce10ca-767b-4dbb-a559-bedcb68aadac","Pharmacist","Healthcare & Medicine","2251","Pharmacists","high","Exact title match"
"400bef8c-cad5-4c06-a37a-6b47a790b1df","Physiotherapist / Paramedic","Healthcare & Medicine","2221","Physiotherapists","medium","Combined role: average of 2221 (Physiotherapists) and 2255 (Paramedics) salary figures. salary_needs_verification=true. Note: Physiotherapist/Paramedic combined role — consider splitting into separate roles in future session."
"734786c4-c68b-45fb-88af-9aaa308ad8cf","Radiographer","Healthcare & Medicine","2254","Medical radiographers","high","Near-exact match: radiographer maps to medical radiographers"
"5ec417d0-00fd-4605-a803-c33a0cefbf3f","Chef","Hospitality & Tourism","5434","Chefs","high","Exact title match"
"145bdb5b-76dc-4e39-ae81-4da095e2825e","Digital Concierge Manager","Hospitality & Tourism","1221","Hotel and accommodation managers and proprietors","medium","Semantic match: managing AI-powered hotel services is hotel management"
"200cb8fa-8ffa-4fda-bb03-049aa8867945","Events Coordinator","Hospitality & Tourism","3557","Events managers and organisers","high","Near-exact match: events coordination maps directly to events managers and organisers"
"6847c5f5-4117-4851-af03-5692553374ae","Guest Experience Designer","Hospitality & Tourism","1221","Hotel and accommodation managers and proprietors","low","Closest SOC: novel hospitality role designing guest journeys; hotel management is nearest available"
"99cdda29-0b42-498f-8bf6-dce32ca029b0","Hospitality Technology Manager","Hospitality & Tourism","1221","Hotel and accommodation managers and proprietors","medium","Semantic match: overseeing property management and AI systems is hotel management with tech focus"
"e7e33963-7d7a-469e-b006-d648d16b52fc","Hotel Receptionist","Hospitality & Tourism","4216","Receptionists","high","Near-exact match: hotel receptionist is a receptionist"
"ac150b7c-b35e-4341-9f27-4431e940db7a","Restaurant Manager","Hospitality & Tourism","1222","Restaurant and catering establishment managers and proprietors","high","Near-exact match: restaurant manager directly within SOC description"
"25142f25-ebb5-46ba-8b89-743e2748392a","Revenue / Yield Analyst","Hospitality & Tourism","3549","Business associate professionals n.e.c.","medium","Semantic match: revenue management and forecasting is a business associate function"
"2f562008-f53c-4e29-8cfa-72fd5d908c13","Sustainability / Waste Optimisation Specialist","Hospitality & Tourism","2152","Environment professionals","low","Closest SOC: sustainability analytics in hospitality is environmental work but context is hospitality-specific"
"379303a9-24b2-4651-b8b5-b774eb10c440","Waiter / Waitress / Bar Staff","Hospitality & Tourism","9264","Waiters and waitresses","high","Near-exact match: waiter/waitress in SOC description; bar staff also maps to 9265"
"b7ce61ba-c46e-4d03-adf6-c671315c99ef","AI Compliance / Ethics Specialist","Law & Justice","2419","Legal professionals n.e.c.","medium","Semantic match: AI compliance and ethical advisory is a legal professional function"
"ad272595-44aa-44de-8aeb-f86c49fa58b4","Barrister","Law & Justice","2411","Barristers and judges","high","Near-exact match: SOC description explicitly includes barristers"
"98938333-4962-4ec4-83cd-a826a96b630e","Court Clerk","Law & Justice","3520","Legal associate professionals","medium","Semantic match: in-court procedural role is a legal associate professional function"
"bd2dc0da-6119-47ca-88ab-31034840d54a","LawTech Consultant","Law & Justice","2431","Management consultants and business analysts","medium","Semantic match: advising law firms on AI and digital transformation is management consultancy"
"822789d5-d4ef-4faa-a930-c6f640e518b3","Legal AI Product Manager","Law & Justice","2131","IT project managers","medium","Semantic match: leading development of AI-powered legal products; shares SOC with other PM roles"
"a3c57b35-3682-4934-9ce3-9a2c1495dbd9","Legal Data Analyst","Law & Justice","3544","Data analysts","medium","Semantic match: data analysis applied to legal domain; shares SOC with other analyst roles"
"51263265-d83a-4251-8b0d-c0bf46c66dea","Legal Secretary","Law & Justice","4212","Legal secretaries","high","Exact title match"
"7541bdcf-84eb-4790-b80b-03f385eb9633","Legal Technologist","Law & Justice","2139","Information technology professionals n.e.c.","medium","Semantic match: deploying and managing legal technology/AI tools combines legal and IT knowledge"
"c1c92bc7-9a8f-49f4-96c0-e2e402c10c9a","Paralegal","Law & Justice","3520","Legal associate professionals","high","Near-exact match: paralegals are the primary occupation within legal associate professionals"
"190404b9-270a-4f11-b57e-c4e94f55410c","Solicitor (Junior/Trainee)","Law & Justice","2412","Solicitors and lawyers","high","Near-exact match: SOC description explicitly includes solicitors; shares SOC with Senior Solicitor"
"ea05435c-b34f-426b-9c71-c0da585b6124","Solicitor (Senior) / Partner","Law & Justice","2412","Solicitors and lawyers","high","Near-exact match: SOC description explicitly includes solicitors; shares SOC with Junior Solicitor"
"e85eccc7-05ce-44e8-b9d8-e386a2e2394d","AI News Verification Specialist","Media & Communications","2492","Newspaper and periodical journalists and reporters","low","Closest SOC: novel media verification role; journalism is nearest but role is more technical"
"c79fe777-008b-4466-a11b-81fe758b1fc1","Automated Media Monitoring Analyst","Media & Communications","3554","Marketing associate professionals","medium","Semantic match: media monitoring and sentiment analysis is a marketing/comms associate function"
"ec5b5ced-19bf-465e-8016-bdfd8bd566a0","Broadcast Journalist","Media & Communications","2492","Newspaper and periodical journalists and reporters","high","Near-exact match: broadcast journalism falls within the journalist/reporter SOC category"
"5b0ca74a-1592-471c-9894-af9dfd505bb1","Broadcast Technician","Media & Communications","3417","Photographers, audio-visual and broadcasting equipment operators","high","Near-exact match: SOC description explicitly includes broadcasting equipment operators"
"443f6a5b-8550-4f51-9a03-2e21b371267a","Communications Officer","Media & Communications","2493","Public relations professionals","medium","Semantic match: strategic messaging and stakeholder comms is a public relations function"
"62690d24-8cf6-4dd6-b316-3f07aa31ca89","Copywriter","Media & Communications","3412","Authors, writers and translators","medium","Semantic match: copywriting is a writing profession; SOC covers authors and writers broadly"
"0d33ffd4-4542-407d-9165-6fc6e1938248","Public Relations Officer","Media & Communications","2493","Public relations professionals","high","Near-exact match: PR officer maps directly to public relations professionals"
"501d4b66-dfc9-481f-b98d-9a9595cc4e19","Publishing Editor","Media & Communications","2491","Newspaper and periodical editors","high","Near-exact match: publishing editor maps to editors SOC category"
"af13cd79-6c6b-4fe8-bdbe-7f01f19a7e47","Social Media Manager","Media & Communications","3554","Marketing associate professionals","medium","Semantic match: social media strategy and community management is a marketing associate function"
"95179853-4790-45d4-9b50-433d484cdbae","TV / Film Producer","Media & Communications","3416","Arts officers, producers and directors","high","Near-exact match: SOC description explicitly includes producers"
"5aef84cc-c5ba-4039-9d4c-c268bdcac1d3","Actor","Performing Arts & Entertainment","3413","Actors, entertainers and presenters","high","Near-exact match: SOC description explicitly includes actors"
"c054b55b-a064-4625-bfd2-2f6544d486b1","AI Music Production Specialist","Performing Arts & Entertainment","3416","Arts officers, producers and directors","medium","Semantic match: music production is a producer role; SOC covers producers and directors"
"ffaa9572-705a-4ba2-a107-caa460c8ed91","Choreographer","Performing Arts & Entertainment","3414","Dancers and choreographers","high","Near-exact match: SOC description explicitly includes choreographers"
"81dff71b-c0bf-4753-a77d-cef3185a9765","Dancer","Performing Arts & Entertainment","3414","Dancers and choreographers","high","Near-exact match: SOC description explicitly includes dancers; shares SOC with Choreographer"
"72f69926-8c24-42bc-9eba-08dbf0bda03a","Lighting Designer","Performing Arts & Entertainment","3429","Design occupations n.e.c.","medium","Semantic match: lighting design is a design specialism not elsewhere classified"
"56bbda9e-3c3a-4140-8df8-13c9b0885f84","Music Producer","Performing Arts & Entertainment","3416","Arts officers, producers and directors","medium","Semantic match: music production is a producer role; shares SOC with AI Music Production Specialist"
"56cee6b2-d98c-4c10-86ee-84ab28fce095","Musician (Live Performer)","Performing Arts & Entertainment","3415","Musicians","high","Near-exact match: live performing musician maps directly to musicians"
"ce555525-b451-40f6-afca-c88f8c397374","Sound Technician","Performing Arts & Entertainment","3417","Photographers, audio-visual and broadcasting equipment operators","medium","Semantic match: live sound operation is audio-visual equipment work"
"1edca518-79db-49e2-afde-c5cc07ba731b","Stage Manager","Performing Arts & Entertainment","3416","Arts officers, producers and directors","medium","Semantic match: stage management is an arts officer/production management role"
"ba72e58e-d9ca-4400-bee1-47424d2078dc","Theatre Director","Performing Arts & Entertainment","3416","Arts officers, producers and directors","high","Near-exact match: SOC description explicitly includes directors"
"1b44045b-29e1-4ac7-bece-8767acf61986","Virtual Production Technician","Performing Arts & Entertainment","3417","Photographers, audio-visual and broadcasting equipment operators","medium","Semantic match: LED volume and real-time environment operation is AV/broadcasting equipment work"
"60698092-2b21-43ce-b178-03e166706530","Administrative Assistant","Public Services & Government","4159","Other administrative occupations n.e.c.","medium","Semantic match: generic admin assistant maps to the administrative catch-all SOC code"
"ba5ebd4d-750d-4c03-9cc7-44f132891c0d","AI Policy Analyst","Public Services & Government","2439","Business, research and administrative professionals n.e.c.","medium","Semantic match: policy research and analysis is a business/research professional function"
"21659c98-6477-4da4-80cc-a1f205494454","Council Officer / Benefits Officer","Public Services & Government","3560","Public services associate professionals","medium","Semantic match: processing citizen queries and benefits claims is a public services associate role"
"c661da81-b94a-4a61-b067-fb932cf5b5a8","Digital Transformation Manager","Public Services & Government","2132","IT managers","medium","Semantic match: leading digital and AI transformation programmes is IT management"
"6e11576d-fd78-43a2-b7ef-bdaabc6a186f","Government Chief AI Officer","Public Services & Government","1137","Information technology directors","medium","Semantic match: senior public-sector AI leadership is an IT director role Civil Service SCS pay band applies; verify against gov.uk published SCS salaries before pilot."
"6653bd1f-b2a7-4461-bfa7-eaffeaaa9207","HR Administrator","Public Services & Government","4136","Human resources administrative occupations","high","Near-exact match: HR administration directly matches SOC description"
"3fbee72a-01f8-4e21-978a-934fcecab9a1","i.AI Prototyping Specialist","Public Services & Government","2134","Programmers and software development professionals","medium","Semantic match: prototyping AI tools is software development; shares SOC with other dev roles"
"72507b69-9a99-4d28-bab4-612b43fdcaf4","Policy Analyst / Civil Servant (Fast Stream)","Public Services & Government","2439","Business, research and administrative professionals n.e.c.","medium","Semantic match: policy research and analysis; shares SOC with AI Policy Analyst"
"bd1dc7f4-532b-4205-92c4-cb669df799aa","Public Sector AI Adoption Specialist","Public Services & Government","2431","Management consultants and business analysts","medium","Semantic match: helping organisations adopt AI is management consultancy work"
"6a51880f-5d6c-4c6e-a3dc-50283956a8bb","TechTrack Apprentice","Public Services & Government","3131","IT operations technicians","low","Closest SOC: government tech apprenticeship does not map cleanly; IT operations technician is nearest entry-level IT code"
"cbbf7e45-4dfa-4a09-aba2-fc829df1b73e","AI-Assisted Customer Experience Manager","Retail & Customer Service","4143","Customer service managers","medium","Semantic match: customer experience management with AI is a customer service management role"
"8b5c7406-3c38-44f8-a401-a1456d514d41","Chatbot / AI System Trainer","Retail & Customer Service","2139","Information technology professionals n.e.c.","medium","Semantic match: training and monitoring customer-service AI systems is an IT professional function"
"70f04b10-b570-4850-81a5-03316b58b5a0","Customer Service Advisor (Call Centre)","Retail & Customer Service","7211","Call and contact centre occupations","high","Near-exact match: call centre advisor maps directly to call and contact centre occupations"
"4679306e-b13c-4501-ab6c-99cb8623e852","E-commerce Personalisation Specialist","Retail & Customer Service","3554","Marketing associate professionals","medium","Semantic match: AI recommendation and personalisation is a marketing associate function"
"9b370e2e-380d-4dfa-9e8e-4cbff7ea6670","E-commerce Specialist","Retail & Customer Service","3554","Marketing associate professionals","medium","Semantic match: e-commerce strategy and analytics is a marketing associate function"
"cee81768-07ae-4289-a7b7-4f15da639695","Retail Data / AI Analyst","Retail & Customer Service","3544","Data analysts","medium","Semantic match: retail data analysis for pricing/stock/demand; shares SOC with other analyst roles"
"42115a8f-e7ab-4c78-b802-c9d676b82a0e","Retail Manager","Retail & Customer Service","1150","Managers and directors in retail and wholesale","high","Near-exact match: retail manager maps directly to SOC description"
"24c53f98-8be2-40bc-be55-b488e4764105","Shop Assistant / Sales Associate","Retail & Customer Service","7111","Sales and retail assistants","high","Near-exact match: shop assistant / sales associate maps directly to sales and retail assistants"
"e98ea33e-ddc9-49b3-b9e3-891829d3d994","Supply Chain Coordinator","Retail & Customer Service","1243","Managers in logistics","medium","Semantic match: supply chain coordination with strategic oversight is logistics management"
"48987f33-bfd2-400e-9c33-4970d7902746","Visual Merchandiser","Retail & Customer Service","7125","Visual merchandisers and related occupations","high","Near-exact match: SOC description explicitly includes visual merchandisers"
"0cbac2ba-b43e-434a-b325-55e15d1b9487","AI Drug Discovery Scientist","Science & Research","2113","Biochemists and biomedical scientists","medium","Semantic match: AI-driven drug discovery and molecule design is biomedical science"
"ad6a4779-f954-4f0f-ad4e-277797d38800","AI Safety Researcher (Scientific)","Science & Research","2162","Other researchers, unspecified discipline","medium","Semantic match: researching AI safety in scientific contexts is a research role; shares SOC with other researchers"
"483ab5c8-1865-485b-81e8-1d52d6fe70e5","Bioinformatics Specialist","Science & Research","2113","Biochemists and biomedical scientists","medium","Semantic match: bioinformatics combines biology and computing for drug discovery; applied biomedical science"
"fc4b5e5e-38a8-4e1a-858d-f0c81585d8bc","Clinical Researcher","Science & Research","2162","Other researchers, unspecified discipline","medium","Semantic match: clinical research with trial data and patient matching; shares SOC with other researchers"
"2359916e-a323-4904-88c0-9443cf8d62da","Computational Scientist","Science & Research","2114","Physical scientists","medium","Semantic match: HPC and AI applied to scientific problems; physical science is closest discipline"
"f49a9cdc-9123-410d-83b8-aa799fa393a0","Data Scientist","Science & Research","2433","Actuaries, economists and statisticians","medium","SOC 2020 2433 is the ONS-designated unit group for data scientists. Shares SOC with actuaries, economists and statisticians."
"1a595140-0511-4443-9998-8be91b3cd02b","Environmental Scientist","Science & Research","2152","Environment professionals","medium","Semantic match: environmental monitoring and climate modelling is environment professional work"
"b01bbc32-43ce-4d0e-bfae-82ae2fa7e273","Lab Technician","Science & Research","3111","Laboratory technicians","high","Exact title match"
"875c120d-4fd6-4895-b54b-9b8cf4cc71da","Laboratory Automation Specialist","Science & Research","2129","Engineering professionals n.e.c.","medium","Semantic match: designing automated lab workflows is engineering not elsewhere classified"
"701f27eb-f965-44df-b7b7-e38db56564a6","Research Scientist","Science & Research","2162","Other researchers, unspecified discipline","medium","Semantic match: general research role; shares SOC with other research roles across sectors"
"4b17417a-150d-47a4-9aca-71726f8915d9","Robotics Integration Engineer","Science & Research","2129","Engineering professionals n.e.c.","medium","Semantic match: integrating robotic hardware with AI is engineering n.e.c.; shares SOC with other engineering roles"
"e7a5e66a-0bba-4d97-a761-4efc3e07c65d","Addiction Counsellor","Social Work & Community","3224","Counsellors","high","Near-exact match: addiction counsellor is a counsellor"
"d588f5fe-41fc-4881-9b79-962290ed0666","Charity Manager","Social Work & Community","1135","Charitable organisation managers and directors","high","Near-exact match: charity manager maps directly to charitable organisation managers"
"8a47f2a9-2511-45aa-8a3b-059ee666157e","Community Development Worker","Social Work & Community","3221","Youth and community workers","high","Near-exact match: SOC description explicitly includes community workers"
"d28cc237-cdd3-42c9-91d8-7d6990351e1e","Digital Inclusion Worker","Social Work & Community","3229","Welfare and housing associate professionals n.e.c.","medium","Semantic match: bridging the digital divide for vulnerable groups is a welfare associate function"
"315bd11a-7122-4d12-9cbc-7d78c9b736c1","Family Support Worker","Social Work & Community","3229","Welfare and housing associate professionals n.e.c.","medium","Semantic match: direct family support work is a welfare associate function"
"812b84df-c72c-4e88-9d95-f21e75ea83f6","Homelessness Support Worker","Social Work & Community","3229","Welfare and housing associate professionals n.e.c.","medium","Semantic match: homelessness outreach and housing advice is welfare/housing associate work"
"2227610c-d32d-4eae-b0a5-2d733e43fb6b","Mental Health Support Worker","Social Work & Community","3229","Welfare and housing associate professionals n.e.c.","medium","Semantic match: direct mental health support and de-escalation is a welfare associate function"
"d3a0972d-ee95-44e1-bb5a-069b2762807f","Social Services Data Analyst","Social Work & Community","3544","Data analysts","medium","Semantic match: data analysis applied to social services; shares SOC with other analyst roles"
"9428b809-d630-4ecf-841a-29080bbda1fb","Social Worker","Social Work & Community","2461","Social workers","high","Exact title match"
"eb13fc72-2961-4e36-ad41-e6f16290a397","Youth Worker","Social Work & Community","3221","Youth and community workers","high","Near-exact match: SOC description explicitly includes youth workers (at associate professional level)"
"55b08868-564e-40b2-bedf-279d3c6e9028","AI-Enhanced Performance Coach","Sport & Fitness","3432","Sports coaches, instructors and officials","medium","Semantic match: performance coaching with AI tools is fundamentally sports coaching"
"05c2c546-5e26-41ee-a621-b3bc0ea1d657","Digital Fitness Content Creator","Sport & Fitness","3433","Fitness and wellbeing instructors","low","Closest SOC: creating fitness content for digital platforms is adjacent to fitness instruction"
"bdcb58b1-7d9d-46c1-9a7c-378a4c3358a4","E-sports / Gaming Coach","Sport & Fitness","3432","Sports coaches, instructors and officials","low","Closest SOC: e-sports coaching mapped to traditional sports coaching; emerging field without own SOC code"
"36cce48f-315a-4e2d-b86b-ce332c4267e2","Fitness Instructor / Personal Trainer","Sport & Fitness","3433","Fitness and wellbeing instructors","high","Near-exact match: fitness instructor directly in SOC description"
"d6af9b1a-c21b-42e7-8c27-277b9e1399b1","Leisure Centre Manager","Sport & Fitness","1224","Leisure and sports managers","high","Near-exact match: leisure centre manager maps directly to leisure and sports managers"
"37ebcde8-b721-40f2-9298-3cebc46a1389","Outdoor Activities Instructor","Sport & Fitness","3432","Sports coaches, instructors and officials","medium","Semantic match: outdoor instruction is a form of sports coaching/instruction"
"03b64e4e-df23-4c2a-b42e-505afdd4f697","PE Teacher","Sport & Fitness","2313","Secondary education teaching professionals","medium","Semantic match: PE teacher is a secondary education teaching professional; classified by teaching function not sport"
"0e034ee9-baa0-48f3-ae0e-6e3472581adb","Sports Coach","Sport & Fitness","3432","Sports coaches, instructors and officials","high","Near-exact match: SOC description explicitly includes sports coaches"
"2dd98b59-0f78-433c-aeb8-b11bc1b31562","Sports Data Analyst","Sport & Fitness","3544","Data analysts","medium","Semantic match: performance and tactical data analysis; shares SOC with other analyst roles"
"b6c398ad-08e4-42a5-870b-a1251ebcfce6","Sports Therapist","Sport & Fitness","2229","Therapy professionals n.e.c.","medium","Semantic match: sports therapy is a therapy profession not elsewhere classified"
"cebe2235-5dae-4c9c-aeb8-9592b028c94f","Wearable Technology Specialist","Sport & Fitness","3549","Business associate professionals n.e.c.","low","Closest SOC: advising on AI-enabled wearables is a niche business/tech advisory role"
"3673999b-8ea9-4b21-afd2-e259c77ca93a","AI Logistics Analyst","Transport & Logistics","3544","Data analysts","medium","Semantic match: AI routing and scheduling optimisation is data analysis; shares SOC with other analyst roles"
"c7428ccd-e944-4a36-819e-3f12cf110d04","AV Fleet Operations Manager","Transport & Logistics","1241","Managers in transport and distribution","medium","Semantic match: managing autonomous vehicle fleets is transport management"
"68b699de-7aa2-43d4-a056-92512932a833","Delivery Driver","Transport & Logistics","8214","Delivery drivers and couriers","high","Near-exact match: delivery driver directly in SOC description"
"ee67c3eb-d32a-4cfd-91ba-cee30c8cac13","Digital Supply Chain Manager","Transport & Logistics","1243","Managers in logistics","medium","Semantic match: AI-enabled end-to-end supply chain management is logistics management"
"cab71f32-1729-4d37-be56-37eb0188e68e","Drone Delivery Operator","Transport & Logistics","8214","Delivery drivers and couriers","low","Closest SOC: drone delivery is a novel delivery method; delivery drivers/couriers is nearest"
"7c1c4e72-17ea-4707-90d1-33707e781841","EV / AV Maintenance Technician","Transport & Logistics","5231","Vehicle technicians, mechanics and electricians","medium","Semantic match: maintaining EVs/AVs is vehicle technician work with new specialisms"
"d606e62a-ac04-420d-9389-5214d6c188eb","HGV Driver","Transport & Logistics","8211","Large goods vehicle drivers","high","Near-exact match: HGV = Large goods vehicle"
"3fe9b56f-f624-407d-8910-91eb5c6878e4","Logistics Coordinator","Transport & Logistics","1243","Managers in logistics","medium","Semantic match: logistics coordination with strategic oversight; shares SOC with Digital Supply Chain Manager"
"5bc5fe79-ee7e-4797-92dd-61284926341e","Remote Vehicle Operator","Transport & Logistics","8239","Other drivers and transport operatives n.e.c.","low","Closest SOC: remotely supervising autonomous vehicles is a novel transport operative role"
"442d468d-1f78-4124-a5b0-5ab10daf8af1","Traffic Planner","Transport & Logistics","2121","Civil engineers","medium","Corrected: traffic planning is a civil engineering function (road design, transport modelling). SOC 2452 is architectural/town planning — too broad."
"29bfa139-f12f-40c4-a788-5e09259931e6","Train Driver","Transport & Logistics","8231","Train and tram drivers","high","Near-exact match: train driver directly in SOC description"
"7d78a078-86e2-46d0-adfb-32e95058bb07","Warehouse Automation / Robotics Engineer","Transport & Logistics","2129","Engineering professionals n.e.c.","medium","Semantic match: designing robotic warehouse systems is engineering n.e.c."
"fc77f34e-72fe-4e37-9078-6557cc4991c1","Warehouse Operative","Transport & Logistics","9252","Warehouse operatives","high","Exact title match"
